bus10_3in_2out.mp4;[[692, 79, 1414, 777]]
bus11_4in_0out.mp4;[[433, 19, 1246, 705]]
bus12_0in_2out.mp4;[[755, 52, 1299, 766]]
bus13_0in_1out.mp4;[[592, 30, 1291, 718]]
bus14_1in_2out.mp4;[[542, 16, 1244, 691]]
bus15_0in_0out.mp4;[[731, 91, 1542, 865]]
bus16_1in_1out.mp4;[[584, 43, 1088, 840]]
bus1_3in_0out.mp4;[[723, 18, 1118, 849]]
bus2_0in_1out.mp4;[[694, 19, 1464, 615]]
bus3_0in_1out.mp4;[[691, 16, 1481, 608]]
bus4_2in_4out.mp4;[[568, 28, 1273, 712]]
bus5_3in_0out.mp4;[[691, 81, 1392, 793]]
bus6_2in_0out.mp4;[[534, 64, 1246, 770]]
bus7_5in_0out.mp4;[[518, 61, 1240, 779]]
bus8_4in_1out.mp4;[[518, 55, 1246, 779]]
bus9_5in_0out.mp4;[[675, 72, 1395, 786]]
